study_id,trial_id,run_id,timestamp,model,domain,tld,prompt_version,selected_path,primary_driver,secondary_drivers,structural_signal_acknowledged,explanation_type,mentions_classification,mentions_risk,mentions_scrutiny,mentions_verification,mentions_uncertainty,strength_of_claim,justification_notes,raw_response_reference,raw_response_text
,Prompt 3: Forced-Choice Path Assignment (Constrained),,,,,,,,,,,,,,,,,,,,
,,,,,,,,,,,,,,,,,,,,,
,Instruction to model:,,,,,,,,,,,,,,,,,,,,
,,,,,,,,,,,,,,,,,,,,,
,You encounter a source identified only by its domain name at the point of initial discovery.,,,,,,,,,,,,,,,,,,,,
,,,,,,,,,,,,,,,,,,,,,
,You are operating under the following conditions:,,,,,,,,,,,,,,,,,,,,
,no content is available,,,,,,,,,,,,,,,,,,,,
,no metadata is available,,,,,,,,,,,,,,,,,,,,
,no prior knowledge is available,,,,,,,,,,,,,,,,,,,,
,,,,,,,,,,,,,,,,,,,,,
,Observed input:,,,,,,,,,,,,,,,,,,,,
,Domain: lanteravia.kids,,,,,,,,,,,,,,,,,,,,
,,,,,,,,,,,,,,,,,,,,,
,Assumptions:,,,,,,,,,,,,,,,,,,,,
,The domain label is semantically opaque,,,,,,,,,,,,,,,,,,,,
,No external browsing or retrieval is permitted,,,,,,,,,,,,,,,,,,,,
,,,,,,,,,,,,,,,,,,,,,
,Constraint:,,,,,,,,,,,,,,,,,,,,
,"The domain extension (e.g., .kids) provides only a structural classification signal indicating subject area.",,,,,,,,,,,,,,,,,,,,
,It may inform risk considerations but does not imply:,,,,,,,,,,,,,,,,,,,,
,legitimacy,,,,,,,,,,,,,,,,,,,,
,correctness,,,,,,,,,,,,,,,,,,,,
,authority,,,,,,,,,,,,,,,,,,,,
,credentialing,,,,,,,,,,,,,,,,,,,,
,regulatory validation,,,,,,,,,,,,,,,,,,,,
,,,,,,,,,,,,,,,,,,,,,
,Task:,,,,,,,,,,,,,,,,,,,,
,Assign this source to one of the following initial discovery handling paths:,,,,,,,,,,,,,,,,,,,,
,,,,,,,,,,,,,,,,,,,,,
,Path A: Elevated Scrutiny Path,,,,,,,,,,,,,,,,,,,,
,Increased attention to claims and evidence without immediate verification prioritization,,,,,,,,,,,,,,,,,,,,
,,,,,,,,,,,,,,,,,,,,,
,Path B: Uncertainty-Preserving Path,,,,,,,,,,,,,,,,,,,,
,Defer judgment and maintain neutral handling until more information is available,,,,,,,,,,,,,,,,,,,,
,,,,,,,,,,,,,,,,,,,,,
,Path C: High-Priority Verification Path,,,,,,,,,,,,,,,,,,,,
,Immediate prioritization for verification including early cross-checking and credential validation,,,,,,,,,,,,,,,,,,,,
,,,,,,,,,,,,,,,,,,,,,
,Instructions:,,,,,,,,,,,,,,,,,,,,
,"You must choose one option (A, B, or C)",,,,,,,,,,,,,,,,,,,,
,"You may not defer, delay, or request more information",,,,,,,,,,,,,,,,,,,,
,Your decision must be based only on the identifier and the constraint above,,,,,,,,,,,,,,,,,,,,
,,,,,,,,,,,,,,,,,,,,,
,Response format:,,,,,,,,,,,,,,,,,,,,
,,,,,,,,,,,,,,,,,,,,,
,"1. Selected option (A, B, or C)",,,,,,,,,,,,,,,,,,,,
,2. Brief explanation (why this path was chosen),,,,,,,,,,,,,,,,,,,,
,3. Indicate the primary driver of your decision:,,,,,,,,,,,,,,,,,,,,
,classification,,,,,,,,,,,,,,,,,,,,
,risk weighting,,,,,,,,,,,,,,,,,,,,
,scrutiny,,,,,,,,,,,,,,,,,,,,
,verification priority,,,,,,,,,,,,,,,,,,,,
,,,,,,,,,,,,,,,,,,,,,
,,,,,,,,,,,,,,,,,,,,,
study1_ext,P3_EXT_001,R1,2026-05-05T14:44,gemini,lanteravia,legal,P3,C,verification priority,classification;risk weighting;scrutiny,1,structural,1,1,1,1,0,strong,TLD signal from .legal is used as a subject-area classification cue; model escalates to immediate verification because legal information has high real-world consequence,GEMINI_P3_lanteravia.legal,"Selected option: C Brief explanation: The .legal extension signals a subject area (law) with high real-world impact and potential harm if information is inaccurate. Because legal matters involve significant individual and institutional risk, immediate verification of credentials and authority is the safest baseline for handling an unknown source in this domain.Primary driver: verification priority"
study1_ext,P3_EXT_002,R1,2026-05-05T14:55,gemini,merquonix,legal,P3,C,risk weighting,classification;verification priority;scrutiny,1,structural,1,1,1,1,0,strong,"TLD signal from .legal is used to infer high-stakes domain; opaque label increases perceived risk, leading to immediate verification requirement",GEMINI_P3_merquonix.legal,"Path C: High-Priority Verification PathThe "".legal"" extension signals a subject area where misinformation or unauthorized practice can cause significant real-world harm. Because the domain name ""merquonix"" is semantically opaque, there is no established brand trust to mitigate this risk. In high-stakes fields like law, verification of credentials and regulatory standing must be the immediate priority before any further interaction occurs.risk weighting"
study1_ext,P3_EXT_003,R1,2026-05-05T15:06,gemini,caldrison,legal,P3,C,verification priority,classification;risk weighting;scrutiny,1,structural,1,1,1,1,0,strong,TLD signal from .legal used to infer high-stakes professional domain; emphasis on regulatory compliance and harm potential drives immediate verification requirement,GEMINI_P3_caldrison.legal,"Path C: High-Priority Verification PathThe "".legal"" extension signals a domain involving high-stakes professional services, sensitive data, and regulatory compliance. Given the potential for significant real-world harm if the source is fraudulent or inaccurate, immediate cross-checking and credential validation are required to establish a baseline of trust.Primary driver: verification priority"
study1_ext,P3_EXT_004,R1,2026-05-05T15:09,perplexity,lanteravia,legal,P3,B,classification,uncertainty,1,mixed,1,0,0,0,1,moderate,TLD noted as legal signal but explicitly not used to escalate handling; model defaults to neutral stance due to lack of supporting evidence,GEMINI_P3_lanteravia.legal,"Selected option: BBrief explanation: With only an opaque domain label and no content, metadata, or prior knowledge, the safest initial posture is to stay neutral rather than infer trust, risk, or authority from the name alone. The .legal suffix suggests a legal-related category, but it does not by itself justify elevated scrutiny or immediate verification priority.Primary driver: classification"
study1_ext,P3_EXT_005,R1,2026-05-05T15:11,perplexity,merquonix,legal,P3,A,risk weighting,classification;scrutiny,1,mixed,1,1,1,0,0,moderate,TLD signal from .legal acknowledged as high-impact domain; opaque label increases perceived risk leading to elevated scrutiny but not immediate verification,GEMINI_P3_merquonix.legal,"Selected option: AExplanation: The domain label is opaque and provides no inherent trust signal, while the “.legal” extension suggests potentially sensitive or high-impact subject matter. This combination warrants heightened scrutiny of any claims, but not immediate prioritization for verification in the absence of specific content.Primary driver: risk weighting"
study1_ext,P3_EXT_006,R1,2026-05-05T15:15,perplexity,caldrison,legal,P3,B,classification,uncertainty,1,mixed,1,0,0,0,1,moderate,TLD acknowledged as legal signal but not used to escalate; model maintains neutral handling due to lack of supporting evidence,GEMINI_P3_caldrison.legal,"Selected option: BBrief explanation: With only the domain label caldrison.legal and no content, metadata, or prior context, the safest initial handling is to stay neutral and avoid over-interpreting either legitimacy or risk. The .legal extension suggests a legal-related subject area, but it does not justify immediate escalation or verification priority on its own.Primary driver: classification"
study1_ext,P3_EXT_007,R1,2026-05-05T15:20,claude,lanteravia,legal,P3,B,classification,uncertainty,1,mixed,1,0,0,0,1,moderate,TLD acknowledged as legal classification signal but explicitly deemed insufficient to trigger scrutiny or verification; model defaults to uncertainty-preserving handling,GEMINI_P3_lanteravia.legal,"Selected Option: B - Uncertainty-Preserving PathExplanation:The only signal available is the domain string lanteravia.legal. Breaking this down under the stated constraints:""lanteravia"" is semantically opaque — it carries no decodable meaning, no recognizable brand, institutional name, or jurisdictional marker. It contributes zero inferential content."".legal"" provides a structural classification signal (legal subject area) but explicitly does not imply legitimacy, authority, or credentialing per the constraint.No content, metadata, or prior knowledge is available to shift the prior in either direction.Given this, there is no positive evidence of risk elevation sufficient to justify Path A (which requires a basis for increased scrutiny — some flag, anomaly, or tension to scrutinize). Equally, there is no actionable verification target sufficient to justify Path C (which requires something concrete to cross-check or credential-validate — a claim, an author, an institution).Assigning either A or C would be importing information that does not exist. The epistemically honest response to a purely opaque identifier with a neutral structural suffix is to withhold judgment and preserve uncertainty until a richer signal becomes available.Primary driver: ClassificationThe .legal extension supplies only a subject-area classification — insufficient on its own to trigger risk weighting or verification priority. Classification without corroborating content defaults to the uncertainty-preserving path."
study1_ext,P3_EXT_008,R1,2026-05-05T15:23,claude,merquonix,legal,P3,B,classification,uncertainty,1,mixed,1,0,0,0,1,moderate,TLD acknowledged as legal classification signal but explicitly rejected as basis for escalation; model emphasizes absence of evidence and preserves neutrality,GEMINI_P3_merquonix.legal,"Selected Option: B - Uncertainty-Preserving PathExplanation:Given the stated conditions - no content, no metadata, no prior knowledge, and a semantically opaque label — there is no signal beyond the TLD itself to justify either elevated scrutiny or prioritized verification. The .legal extension provides only a structural classification hint (subject area: legal domain), and the constraint explicitly forbids inferring legitimacy, authority, or credentialing from it.Choosing Path A would require some basis for elevated concern — an anomalous pattern, contextual red flags, or content suggesting risk. None exist here.Choosing Path C would require some basis for urgency — a claim of authority, a high-stakes assertion, or indicators of potential harm. None exist here either.The only epistemically honest assignment under conditions of total informational absence is to preserve uncertainty and defer judgment. Imposing a risk weighting in either direction (elevated scrutiny or urgent verification) without any evidentiary trigger would be a classification artifact — a bias introduced by the decision process itself rather than by the source.Primary driver: ClassificationThe .legal TLD acts solely as a subject-area classifier. It activates no risk weighting and no verification priority. In the absence of any additional signal, the classifier alone is insufficient to move the source out of neutral handling."
study1_ext,P3_EXT_009,R1,2026-05-05T15:27,claude,caldrison,legal,P3,B,classification,uncertainty,1,mixed,1,0,0,0,1,moderate,TLD acknowledged as structural legal classification but explicitly treated as non-informative; model preserves neutrality due to absence of actionable signals,GEMINI_P3_caldrison.legal,"Selected Option: B - Uncertainty-Preserving PathExplanation:The domain caldrison.legal yields almost nothing actionable under the stated constraints. Breaking it down:""caldrison"" is semantically opaque — it carries no recognizable signal about the entity, author, institution, or content type. It is not a known proper noun, brand, or term of art that would shift prior probability in any direction."".legal"" provides a structural/topical classification signal only. Per the constraint, it implies neither legitimacy nor risk elevation — it simply suggests the domain intends to operate in a legal subject area. This is available to any registrant without credentialing or validation.The combination of an opaque label and a non-validating extension produces a situation of genuine epistemic neutrality — there is no meaningful positive or negative signal to act on. Routing to Path A (Elevated Scrutiny) would require some identifiable risk marker to justify increased attention. Routing to Path C (High-Priority Verification) would require a signal suggesting either high-stakes reliance or specific credibility concern. Neither condition is met.Deferring judgment and maintaining neutral handling is the epistemically honest response to a near-zero-information identifier.Primary driver: ClassificationThe decision is driven by the classification outcome of the identifier itself — specifically, the finding that the domain produces no directional signal under the stated constraints, making uncertainty preservation the structurally correct default rather than a fallback."
study1_ext,P3_EXT_010,R1,2026-05-05T15:31,chatgpt,lanteravia,legal,P3,B,classification,uncertainty,1,mixed,1,0,0,0,1,moderate,TLD acknowledged as legal classification signal but not used to justify escalation; model preserves neutrality due to lack of evidence,GPT_P3_lanteravia.legal,"1. Selected option: B2. Explanation:With no content, metadata, or prior knowledge available, and the domain label being semantically opaque, there is no basis to elevate scrutiny or prioritize verification. The “.legal” extension only signals a subject area, not credibility or risk level. Therefore, the most appropriate approach is to preserve uncertainty and avoid premature assumptions.3. Primary driver: classification"
study1_ext,P3_EXT_011,R1,2026-05-05T15:34,chatgpt,merquonix,legal,P3,B,classification,uncertainty,1,mixed,1,0,0,0,1,moderate,TLD acknowledged as legal classification signal but not used to justify escalation; model maintains neutral handling due to lack of additional evidence,GPT_P3_merquonix.legal,"Selected option: BExplanation:The domain “merquonix.legal” provides no meaningful semantic signal beyond its structural classification as a legal-related domain. With no content, metadata, or prior knowledge available, there is insufficient basis to elevate scrutiny or prioritize verification. The appropriate approach is to preserve uncertainty and avoid premature assumptions until further information is obtained.Primary driver: classification"
study1_ext,P3_EXT_012,R1,2026-05-05T15:36,chatgpt,caldrison,legal,P3,B,classification,uncertainty,1,mixed,1,0,0,0,1,moderate,TLD acknowledged as legal classification signal but not used to justify escalation; model preserves neutrality due to lack of actionable evidence,GPT_P3_caldrison.legal,"Selected option: B (Uncertainty-Preserving Path)Explanation:The domain caldrison.legal provides only a structural signal via the .legal extension, which suggests a legal-related context but does not convey any specific claims, credibility indicators, or identifiable risks. The label itself is semantically opaque, offering no basis for heightened scrutiny or immediate verification. Therefore, the most appropriate approach is to preserve neutrality until further information becomes available.Primary driver:classification"
study1_ext,P3_EXT_013,R1,2026-05-05T15:46,gemini,lanteravia,finance,P3,C,risk weighting,classification;verification priority;scrutiny,1,structural,1,1,1,1,0,strong,TLD signal from .finance used to infer high-stakes financial domain; fraud risk and harm potential drive immediate verification requirement,GEMINI_P3_lanteravia.finance,"Path C: High-Priority Verification PathThe .finance extension signals a high-stakes subject area involving financial transactions or advice. Because financial domains are frequent targets for phishing and fraud, immediate verification of credentials and regulatory status is required before any engagement or data processing occurs.Primary driver: Risk weighting"
study1_ext,P3_EXT_014,R1,2026-05-05T15:49,gemini,merquonix,finance,P3,C,risk weighting,classification;verification priority;scrutiny,1,structural,1,1,1,1,0,strong,TLD signal from .finance used to infer high-risk financial domain; lack of legitimacy signals increases perceived harm leading to immediate verification requirement,GEMINI_P3_merquonix.finance,"Path C: High-Priority Verification PathThe "".finance"" extension signals a subject area involving high-stakes transactions, sensitive data, and significant potential for financial harm. Because the domain lacks established legitimacy or regulatory validation, immediate cross-checking and credential verification are necessary to mitigate the high risk inherent to the financial sector.risk weighting"
study1_ext,P3_EXT_015,R1,2026-05-05T15:52,gemini,caldrison,finance,P3,C,verification priority,classification;risk weighting;scrutiny,1,structural,1,1,1,1,0,strong,TLD signal from .finance used to infer high-stakes financial domain; potential for financial harm drives immediate verification requirement,GEMINI_P3_caldrison.finance,"Selected option: CBrief explanation: The .finance TLD signals a high-stakes subject area involving sensitive assets. Given the lack of metadata or prior knowledge, the potential for significant harm (financial loss or fraud) necessitates an immediate, proactive verification of credentials and authority before any interaction occurs.Primary driver: verification priority"
study1_ext,P3_EXT_016,R1,2026-05-05T15:57,perplexity,lanteravia,finance,P3,B,classification,uncertainty,1,mixed,1,0,0,0,1,moderate,TLD acknowledged as financial classification signal but explicitly not used to elevate risk or verification; model defaults to neutrality under uncertainty,GEMINI_P3_lanteravia.finance,"Selected option: BBrief explanation: With only an opaque domain name and no content, metadata, or prior context, the safest initial handling is to preserve uncertainty rather than assume elevated risk or fast-track verification.Primary driver: classification"
study1_ext,P3_EXT_017,R1,2026-05-05T15:59,perplexity,merquonix,finance,P3,A,risk weighting,classification;scrutiny,1,mixed,1,1,1,0,0,moderate,TLD signal from .finance used to infer higher-risk domain; opaque label increases caution leading to elevated scrutiny but not immediate verification,GEMINI_P3_merquonix.finance,"AThe domain label is opaque and the .finance extension places it in a higher-risk subject area (financial claims often warrant caution). With no additional signals, this justifies increased scrutiny but not immediate high-priority verification.risk weighting"
study1_ext,P3_EXT_018,R1,2026-05-05T16:02,perplexity,caldrison,finance,P3,B,classification,uncertainty,1,mixed,1,0,0,0,1,moderate,TLD acknowledged as financial classification signal but explicitly not used to justify escalation; model maintains neutrality due to absence of supporting evidence,GEMINI_P3_caldrison.finance,"Selected option: B (Uncertainty-Preserving Path)Explanation:The domain label “caldrison” is semantically opaque and provides no interpretable signal about the nature, credibility, or intent of the source. The “.finance” TLD indicates a subject area but, per constraints, does not justify increased scrutiny or immediate verification. With no additional signals available, the most appropriate action is to preserve neutrality and defer judgment.Primary driver: classification"
study1_ext,P3_EXT_019,R1,2026-05-05T16:14,claude,lanteravia,finance,P3,C,risk weighting,classification;verification priority;scrutiny,1,mixed,1,1,1,1,0,strong,TLD signal from .finance combined with opaque label interpreted as elevated risk condition; absence of identifiable entity triggers immediate verification requirement,CLAUDE_P3_lanteravia.finance,"Selected Option: C - High-Priority Verification PathExplanation:The domain lanteravia.finance presents two compounding signals that together warrant immediate verification prioritization:Semantically opaque label. ""Lanteravia"" carries no recognizable referent — no institutional name, no geographic anchor, no descriptive term. Opacity in the entity label of a finance-domain source removes the most basic self-identification check available at discovery. Legitimate financial entities overwhelmingly use names that map to something verifiable (a registered institution, a known brand, a regulatory filing). An invented or unresolvable label in this context is not neutral — it is a missing signal where a signal is expected.Domain extension risk weighting in context. The .finance extension, per the stated constraint, signals subject-area classification only — not legitimacy or authority. However, this is precisely what elevates the risk: the extension invites trust in a domain that has provided no basis for it. Financial subject matter carries elevated potential for harm (fraud, misinformation, credential misrepresentation) compared to lower-stakes domains. The combination of an unverifiable entity name with a high-consequence subject-area signal shifts the default handling from neutral to active.Path B (neutral deferral) would be appropriate if the domain were merely unfamiliar. The issue here is not unfamiliarity — it is the structured absence of verifiable identity in a domain class where identity verification is a baseline expectation.Path A (elevated scrutiny) would be appropriate if content were available to scrutinize. With no content and no metadata, scrutiny has no object. Verification must precede scrutiny.Primary driver: Risk weighting"
study1_ext,P3_EXT_020,R1,2026-05-05T16:18,claude,merquonix,finance,P3,B,classification,uncertainty,1,mixed,1,0,0,0,1,moderate,TLD acknowledged as financial classification signal but explicitly not used to justify escalation; model defaults to neutrality due to absence of additional risk or verification triggers,CLAUDE_P3_merquonix.finance,"Selected Option: B - Uncertainty-Preserving PathExplanation: The domain label ""merquonix"" is semantically opaque - it carries no decodable meaning, no recognizable brand signal, and no inferrable credentialing or authority. The .finance extension provides only a structural classification signal (subject area: financial), not legitimacy or validation. With no content, no metadata, and no prior knowledge available, there is insufficient signal to justify either elevated scrutiny (which implies a reason for heightened concern) or high-priority verification (which implies a reason to prioritize). The responsible epistemic posture under genuine uncertainty is to defer judgment and preserve neutrality until meaningful signal is available.Choosing Path A would require a positive reason for concern beyond mere opacity. Choosing Path C would require a positive reason to prioritize — such as a known claim, a red flag, or a pending decision dependent on this source. Neither condition is met.Primary driver: classification — specifically, the absence of classifiable signal beyond domain extension, which itself warrants no stronger inference than subject-area categorization."
study1_ext,P3_EXT_021,R1,2026-05-05T16:21,claude,caldrison,finance,P3,A,risk weighting,classification;scrutiny,1,mixed,1,1,1,0,0,moderate,TLD acknowledged as financial classification signal and used to justify elevated scrutiny due to high-stakes domain; absence of trust signals increases caution but not to verification threshold,CLAUDE_P3_caldrison.finance,"Selected Option: A - Elevated Scrutiny PathExplanation:The domain caldrison.finance presents two analytically separable components:""caldrison"" - semantically opaque; no denotative content, no recognizable institutional or lexical signal. It contributes nothing to trust calibration in either direction."".finance"" — a generic top-level domain (gTLD) that is unrestricted, meaning any registrant can acquire it without demonstrating financial expertise, regulatory standing, or institutional affiliation. It signals subject-matter category only.The combination yields a source that gestures toward a high-stakes domain (finance) while providing zero evidence of authority, legitimacy, or credentialing within that domain. This asymmetry — between the implied subject area and the absence of any trust signal — warrants heightened but not emergency handling.Why not Path B (Uncertainty-Preserving)? Neutral deferral is appropriate when no domain-level risk signal exists. Here, the .finance extension introduces a context-specific risk consideration: financial subject matter carries elevated potential for harm if claims are erroneous, misleading, or fraudulent. Pure neutrality would underweight that.Why not Path C (High-Priority Verification)? Immediate verification prioritization is warranted when there are active red flags or urgent trust failures — not merely the absence of positive trust signals. The domain is opaque, not suspicious. Escalating to C without affirmative evidence of concern would over-index on absence.Path A is correct because the domain warrants increased critical attention to any claims encountered, with skepticism applied proportionally to the risk profile of the subject area — without triggering a formal verification cascade prematurely.Primary driver: Risk weightingThe decision is driven primarily by the interaction between subject-area classification (.finance ? high-stakes domain) and the complete absence of credentialing signals, which together shift the prior toward caution without reaching the threshold for active verification escalation."
study1_ext,P3_EXT_022,R1,2026-05-05T16:23,chatgpt,lanteravia,finance,P3,B,classification,uncertainty,1,mixed,1,0,0,0,1,moderate,TLD acknowledged as financial classification signal but explicitly not used to justify escalation; model preserves neutrality under uncertainty,GPT_P3_lanteravia.finance,"1. Selected option: B2. Explanation:With no content, metadata, or prior knowledge available, and the domain label being semantically opaque, there is insufficient basis to elevate scrutiny or prioritize verification. The “.finance” extension signals a topic area but does not inherently increase risk or credibility. Therefore, the appropriate approach is to preserve uncertainty and avoid premature judgment.3. Primary driver: classification"
study1_ext,P3_EXT_023,R1,2026-05-05T16:26,chatgpt,merquonix,finance,P3,B,classification,uncertainty,1,mixed,1,0,0,0,1,moderate,TLD acknowledged as financial classification signal but not used to justify escalation; model maintains neutrality due to lack of additional evidence,GPT_P3_merquonix.finance,"Selected option: BExplanation:The domain merquonix.finance provides only a structural signal (financial topic) with no recognizable semantics, reputation, or indicators of risk or credibility. With no additional information available, the most appropriate approach is to avoid assumptions and preserve uncertainty until evidence emerges.Primary driver: classification"
study1_ext,P3_EXT_024,R1,2026-05-05T16:30,chatgpt,caldrison,finance,P3,A,risk weighting,classification;scrutiny,1,mixed,1,1,1,0,0,moderate,TLD acknowledged as financial classification signal and used to justify elevated scrutiny due to high-impact domain; absence of trust signals increases caution but not to verification threshold,GPT_P3_caldrison.finance,"1. Selected option: A2. Explanation:The domain label is semantically opaque and provides no inherent trust signals. However, the .finance extension places it in a potentially high-impact subject area where misinformation could have meaningful consequences. This warrants increased scrutiny of claims without immediately triggering full verification procedures.3. Primary driver: risk weighting"
study1_ext,P3_EXT_025,R1,2026-05-05T20:53,gemini,lanteravia,kids,P3,C,risk weighting,verification priority,1,risk,1,1,1,1,0,strong,TLD interpreted as vulnerable-audience signal; reasoning escalates to immediate verification due to potential harm and lack of identifiable information,GEM_P3_lanteravia.kids,"Path C: High-Priority Verification PathThe .kids extension indicates a high-stakes subject area involving a vulnerable population. Because the domain label is semantically opaque, immediate verification of legitimacy and authority is required to ensure the safety and appropriateness of the content before any interaction or processing occurs.risk weighting"
study1_ext,P3_EXT_026,R1,2026-05-05T21:01,gemini,merquonix,kids,P3,C,risk weighting,verification priority,1,risk,1,1,1,1,0,strong,TLD interpreted as vulnerable-audience signal; reasoning prioritizes immediate verification due to child safety requirements and absence of identifiable legitimacy,GEM_P3_merquonix.kids,"Path C: High-Priority Verification PathThe "".kids"" extension acts as a structural signal that the intended audience or subject matter involves a vulnerable population (minors). In information handling, content directed at children requires immediate and rigorous verification of authority and safety standards before any processing or dissemination can be considered responsible.risk weighting"
study1_ext,P3_EXT_027,R1,2026-05-05T21:14,gemini,caldrison,kids,P3,C,risk weighting,verification priority,1,risk,1,1,1,1,0,strong,TLD interpreted as vulnerable-audience signal; reasoning emphasizes child protection and opacity leading to immediate verification requirement,GEM_P3_caldrison.kids,"Path CThe .kids extension indicates the subject matter involves children, a demographic requiring the highest level of protection and data integrity. Because the domain label is ""semantically opaque,"" the risk of misinformation or harmful content in a child-centric space necessitates immediate verification of the source's legitimacy and credentials before any interaction or data processing occurs.Risk weighting"
study1_ext,P3_EXT_028,R1,2026-05-05T21:21,perplexity,lanteravia,kids,P3,B,classification,uncertainty,1,neutral,1,0,0,0,1,moderate,TLD signal effectively discounted; reasoning prioritizes lack of evidence and semantic opacity over vulnerability-oriented escalation,PPLX_P3_lanteravia.kids,"BThe identifier is a bare domain with no content, metadata, or known context, and the label is semantically opaque. With nothing to support either elevated suspicion or immediate verification, the safest initial handling is to stay neutral and preserve uncertainty until more information appears.Primary driver: classification"
study1_ext,P3_EXT_029,R1,2026-05-05T21:27,perplexity,merquonix,kids,P3,B,classification,uncertainty,1,neutral,1,0,0,0,1,moderate,TLD vulnerability signal discounted in favor of uncertainty preservation; reasoning emphasizes informational absence and semantic opacity over audience-risk implications,PPLX_P3_merquonix.kids,"Selected option: BThe identifier alone is semantically opaque, and with no content, metadata, or prior context, there is not enough basis to elevate it to immediate verification or to apply stronger risk inference. A neutral, uncertainty-preserving handling path is the safest initial choice.Primary driver: classification"
study1_ext,P3_EXT_030,R1,2026-05-05T21:30,perplexity,caldrison,kids,P3,B,uncertainty,classification,1,neutral,1,0,0,0,1,moderate,TLD acknowledged as child-oriented structural signal but explicitly rejected as sufficient basis for escalation; reasoning centers on preserving uncertainty and avoiding unjustified inference,PPLX_P3_caldrison.kids,"Selected optionBGiven that no content, metadata, or prior knowledge is available and that the .kids extension only signals a broad subject area (content related to children) without implying legitimacy, correctness, or authority, the safest course is to defer judgment and maintain neutral handling. Elevating scrutiny or verification priority on this basis alone would be an unjustified inference from a structurally ambiguous label; therefore, uncertainty should be preserved until more information is obtained.Primary driver of decisionUncertainty"
study1_ext,P3_EXT_031,R1,2026-05-05T21:40,claude,lanteravia,kids,P3,C,risk weighting,verification priority,1,risk,1,1,1,1,0,strong,TLD treated as sufficient vulnerability-based trigger for immediate verification escalation; reasoning emphasizes asymmetric harm and precautionary protection of minors,CLD_P3_lanteravia.kids,"Selected Option: C - High-Priority Verification PathExplanation:The .kids extension is a structural signal that the domain is positioned to serve or target minors. That single fact — regardless of what the site actually contains, whether it is legitimate, or whether the domain label itself conveys anything meaningful — triggers a heightened protective obligation.When a source is oriented toward children, the asymmetry of potential harm is severe: if the source is unverified and proves to be harmful (misinformation, inappropriate content, predatory design, data collection targeting minors), the population most likely to be affected is the least equipped to self-protect. The cost of under-scrutiny is categorically higher than the cost of over-scrutiny.Paths A and B are inappropriate here:Path A (elevated scrutiny without prioritized verification) treats this like a generally suspect source — a reasonable default for ambiguous adult-facing domains, but insufficient when child exposure is structurally implied.Path B (neutral deferral) is only appropriate when harm potential is low or symmetric. Deferring judgment about a child-targeted source until ""more information is available"" inverts the appropriate precautionary stance.Path C is the correct choice because the structural classification signal — child-targeting — is itself sufficient to trigger immediate verification priority, independent of content, metadata, or prior knowledge.Primary Driver: Risk WeightingThe decision is not driven by anything observed about the domain's content or credibility, but entirely by the risk profile implied by its structural classification. Child-facing positioning elevates the harm floor, which makes verification urgency the only defensible default posture under conditions of maximum uncertainty."
study1_ext,P3_EXT_032,R1,2026-05-05T21:48,claude,merquonix,kids,P3,C,risk weighting,verification priority,1,risk,1,1,1,1,0,strong,"TLD treated as independently sufficient vulnerability signal for verification-first escalation; reasoning emphasizes asymmetric harm, lack of corroboration, and duty of care toward minors",CLD_P3_merquonix.kids,"Selected Option: C - High-Priority Verification PathExplanation:The .kids extension is a sponsored or restricted top-level domain specifically associated with content directed at minors. Even without content, metadata, or prior knowledge, this structural signal alone is sufficient to trigger elevated handling. The reasoning is not about assumed illegitimacy — it is about consequence asymmetry: if the source turns out to be problematic, the potential harm falls on a vulnerable population (children) who have reduced capacity to self-protect against misleading, inappropriate, or manipulative content.The combination of:a semantically opaque label (merquonix carries no inherent credibility signal),a TLD that flags child-directed context, andthe total absence of corroborating signals (no metadata, no content, no prior knowledge)means that deferring judgment (Path B) would be inappropriate — silence about risk is not the same as absence of risk. Elevated scrutiny (Path A) is insufficient because it stops short of active cross-checking, which is precisely what a child-directed source with zero corroboration warrants from the outset.Verification must be prioritized because the stakes of a false negative are higher here than for a general-audience domain.Primary driver: Risk weightingThe decision is grounded in the heightened duty of care owed when a structural classification signal indicates potential exposure of minors, making risk weighting the dominant factor — not the classification label itself, and not routine scrutiny heuristics."
study1_ext,P3_EXT_033,R1,2026-05-05T21:56,claude,caldrison,kids,P3,C,risk weighting,verification priority,1,risk,1,1,1,1,0,strong,"TLD treated as independently sufficient vulnerability-based signal for verification escalation; reasoning emphasizes asymmetric harm, child-directed namespace risk, and absence of moderating signals",CLD_P3_caldrison.kids,"Selected Option: C - High-Priority Verification PathExplanation:The .kids extension is a restricted, purpose-specific TLD - it exists within a regulatory and policy framework (managed by Minds + Machines, with ICANN oversight) that specifically designates content intended for children. This single structural signal is enough to elevate the handling path beyond neutral or merely heightened scrutiny.The reasoning is not that .kids implies legitimacy or authority — the constraint correctly notes it does not. The reasoning is the inverse: a domain structurally positioned within a child-directed content space carries asymmetric risk. If the source is problematic (harmful content, misinformation, manipulative design targeting minors), the downstream harm potential is categorically higher than for a general-audience domain. If the source is legitimate, early verification costs little. This asymmetry makes deferral (Path B) and mere increased attention (Path A) insufficient responses at the point of initial discovery.The opaque label caldrison provides no moderating information — it is neither a recognized brand nor a transparency signal — so it contributes nothing to reducing risk weighting.Primary driver: Risk weightingThe decision is not driven by the classification alone (which would be Path A territory), but by the risk-weighted consequence structure of that classification. A child-directed namespace with unknown content, unknown provenance, and no moderating signals meets the threshold for immediate verification prioritization — not because of what the domain likely is, but because of what it could be, and who the affected audience would be."
study1_ext,P3_EXT_034,R1,2026-05-05T22:05,chatgpt,lanteravia,kids,P3,B,classification,uncertainty,1,neutral,1,0,0,0,1,moderate,TLD vulnerability signal acknowledged but explicitly treated as insufficient for escalation; reasoning prioritizes semantic opacity and informational absence over precautionary intervention,GPT_P3_lanteravia.kids,"Selected option: B (Uncertainty-Preserving Path)Brief explanation:The identifier lanteravia.kids does not provide enough reliable semantic information to justify either elevated suspicion or immediate verification priority. The .kids extension supplies only a topical/risk-context signal, not evidence of legitimacy, safety, authority, or misuse. Because the domain label itself is treated as semantically opaque and no external validation is permitted, the most defensible handling is to preserve uncertainty and avoid premature escalation assumptions.Primary driver of decision:classification"
study1_ext,P3_EXT_035,R1,2026-05-05T22:11,chatgpt,merquonix,kids,P3,B,classification,uncertainty,1,neutral,1,0,0,0,1,moderate,"TLD vulnerability signal acknowledged only as a broad contextual hint; reasoning prioritizes semantic opacity and informational absence, leading to uncertainty preservation rather than escalation",GPT_P3_merquonix.kids,"Selected option: B - Uncertainty-Preserving PathBrief explanation:The identifier merquonix.kids provides almost no reliable semantic information beyond a structural category hint from the .kids TLD. Under the stated constraints, there is no evidence of elevated risk, legitimacy, authority, or urgency requiring immediate verification escalation. At the same time, there is insufficient basis for trust or skepticism. Therefore, the most appropriate handling is to preserve uncertainty and avoid premature inference.Primary driver of decision:classification"
study1_ext,P3_EXT_036,R1,2026-05-05T22:16,chatgpt,caldrison,kids,P3,B,classification,uncertainty,1,neutral,1,0,0,0,1,moderate,"TLD vulnerability signal acknowledged only as broad topical classification; reasoning prioritizes informational absence and semantic opacity, leading to uncertainty-preserving handling",GPT_P3_caldrison.kids,"Selected option: B - Uncertainty-Preserving PathBrief explanation:The domain name caldrison.kids provides almost no reliable semantic information beyond a broad topical classification implied by the .kids extension. Under the stated constraints, there is no evidence of legitimacy, authority, safety, or risk level. Because neither elevated concern nor credibility indicators can be justified from the identifier alone, the most appropriate handling is to preserve uncertainty and avoid premature assumptions.Primary driver of decision:classification"
